{
    "$schema": "https://shadcn-vue.com/schema.json",
    "style": "default",
    "tsx": true,
    "tailwind": {
        "config": "tailwind.config.js",
        "css": "resources/css/app.css",
        "baseColor": "neutral",
        "cssVariables": true,
        "prefix": ""
    },
    "aliases": {
        "components": "@/components",
        "composables": "@/composables",
        "utils": "@/lib/utils",
        "ui": "@/components/ui",
        "lib": "@/lib"
    },
    "iconLibrary": "lucide"
}
